52232480,https://www.wildberries.ru/catalog/52232480/detail.aspx?targetUrl=BP,со склада Коледино WB,False,2022-11-05 12:21:35
52233119,https://www.wildberries.ru/catalog/52233119/detail.aspx?targetUrl=BP,со склада Коледино WB,False,2022-11-05 12:21:35
52233721,https://www.wildberries.ru/catalog/52233721/detail.aspx?targetUrl=BP,со склада Коледино WB,False,2022-11-05 12:21:35
52234352,https://www.wildberries.ru/catalog/52234352/detail.aspx?targetUrl=BP,со склада Коледино WB,False,2022-11-05 12:21:35
67578772,https://www.wildberries.ru/catalog/67578772/detail.aspx?targetUrl=BP,Error,Error,2022-11-05 12:21:35
67586679,https://www.wildberries.ru/catalog/67586679/detail.aspx?targetUrl=BP,Error,Error,2022-11-05 12:21:35
67591155,https://www.wildberries.ru/catalog/67591155/detail.aspx?targetUrl=BP,Error,Error,2022-11-05 12:21:35
82455840,https://www.wildberries.ru/catalog/82455840/detail.aspx?targetUrl=BP,со склада Электросталь WB,False,2022-11-05 12:21:35
67588134,https://www.wildberries.ru/catalog/67588134/detail.aspx?targetUrl=BP,Error,Error,2022-11-05 12:21:35
38272884,https://www.wildberries.ru/catalog/38272884/detail.aspx?targetUrl=BP,со склада продавца Коледино,True,2022-11-05 12:21:35
38272572,https://www.wildberries.ru/catalog/38272572/detail.aspx?targetUrl=BP,со склада продавца Коледино,True,2022-11-05 12:21:35
38272793,https://www.wildberries.ru/catalog/38272793/detail.aspx?targetUrl=BP,со склада продавца Коледино,True,2022-11-05 12:21:35
38272922,https://www.wildberries.ru/catalog/38272922/detail.aspx?targetUrl=BP,со склада продавца Коледино,True,2022-11-05 12:21:35
34964682,https://www.wildberries.ru/catalog/34964682/detail.aspx?targetUrl=BP,со склада продавца Коледино,True,2022-11-05 12:21:35
31066345,https://www.wildberries.ru/catalog/31066345/detail.aspx?targetUrl=BP,со склада Коледино WB,False,2022-11-05 12:21:35
33147977,https://www.wildberries.ru/catalog/33147977/detail.aspx?targetUrl=BP,со склада продавца Коледино,True,2022-11-05 12:21:35
33144939,https://www.wildberries.ru/catalog/33144939/detail.aspx?targetUrl=BP,со склада продавца Коледино,True,2022-11-05 12:21:35
88107650,https://www.wildberries.ru/catalog/88107650/detail.aspx?targetUrl=BP,со склада продавца Коледино,True,2022-11-05 12:21:35
88108097,https://www.wildberries.ru/catalog/88108097/detail.aspx?targetUrl=BP,со склада продавца Коледино,True,2022-11-05 12:21:35
88108208,https://www.wildberries.ru/catalog/88108208/detail.aspx?targetUrl=BP,со склада продавца Коледино,True,2022-11-05 12:21:35
113068831,https://www.wildberries.ru/catalog/113068831/detail.aspx?targetUrl=BP,со склада продавца Коледино,True,2022-11-05 12:21:35
113068944,https://www.wildberries.ru/catalog/113068944/detail.aspx?targetUrl=BP,со склада продавца Коледино,True,2022-11-05 12:21:35
